date,day,departure,jam_score,travel_time_min,departure_minutes,departure_hour,departure_slot_rank,day_of_week_num,is_weekend,year,month,month_name,week_of_year,quarter,records_that_day,is_complete_day,travel_time_vs_day_avg,travel_time_vs_overall_avg,congestion_level,travel_time_outlier
2025-10-31,Friday,08:30,83.5,10.78,510,8,1,4,False,2025,10,October,44,4,5,True,-0.26,-1.35,low,False
2025-10-31,Friday,08:40,84.8,10.62,520,8,2,4,False,2025,10,October,44,4,5,True,-0.42,-1.51,low,False
2025-10-31,Friday,08:50,85.4,10.53,530,8,3,4,False,2025,10,October,44,4,5,True,-0.51,-1.6,low,False
2025-10-31,Friday,09:00,86.4,10.42,540,9,4,4,False,2025,10,October,44,4,5,True,-0.62,-1.71,low,False
2025-10-31,Friday,09:10,87.0,10.35,550,9,5,4,False,2025,10,October,44,4,5,True,-0.69,-1.78,low,False
2025-11-03,Monday,08:30,61.6,14.6,510,8,1,0,False,2025,11,November,45,4,5,True,2.91,2.47,high,False
2025-11-03,Monday,08:40,63.3,14.22,520,8,2,0,False,2025,11,November,45,4,5,True,2.53,2.09,high,False
2025-11-03,Monday,08:50,69.3,12.98,530,8,3,0,False,2025,11,November,45,4,5,True,1.29,0.85,high,False
2025-11-03,Monday,09:00,71.2,12.63,540,9,4,0,False,2025,11,November,45,4,5,True,0.94,0.5,high,False
2025-11-03,Monday,09:10,71.7,12.55,550,9,5,0,False,2025,11,November,45,4,5,True,0.86,0.42,high,False
2025-11-04,Tuesday,08:30,52.2,17.25,510,8,1,1,False,2025,11,November,45,4,5,True,4.01,5.12,high,True
2025-11-04,Tuesday,08:40,50.6,17.78,520,8,2,1,False,2025,11,November,45,4,5,True,4.54,5.65,high,True
2025-11-04,Tuesday,08:50,57.4,15.67,530,8,3,1,False,2025,11,November,45,4,5,True,2.43,3.54,high,False
2025-11-04,Tuesday,09:00,67.3,13.37,540,9,4,1,False,2025,11,November,45,4,5,True,0.13,1.24,high,False
2025-11-04,Tuesday,09:10,65.7,13.7,550,9,5,1,False,2025,11,November,45,4,5,True,0.46,1.57,high,False
2025-11-05,Wednesday,08:30,54.0,16.67,510,8,1,2,False,2025,11,November,45,4,5,True,4.02,4.54,high,True
2025-11-05,Wednesday,08:40,50.9,17.67,520,8,2,2,False,2025,11,November,45,4,5,True,5.02,5.54,high,True
2025-11-05,Wednesday,08:50,57.0,15.8,530,8,3,2,False,2025,11,November,45,4,5,True,3.15,3.67,high,False
2025-11-05,Wednesday,09:00,64.5,13.95,540,9,4,2,False,2025,11,November,45,4,5,True,1.3,1.82,high,False
2025-11-05,Wednesday,09:10,64.8,13.88,550,9,5,2,False,2025,11,November,45,4,5,True,1.23,1.75,high,False
2025-11-06,Thursday,08:30,57.2,15.73,510,8,1,3,False,2025,11,November,45,4,5,True,3.61,3.6,high,False
2025-11-06,Thursday,08:40,53.9,16.7,520,8,2,3,False,2025,11,November,45,4,5,True,4.58,4.57,high,True
2025-11-06,Thursday,08:50,56.0,16.07,530,8,3,3,False,2025,11,November,45,4,5,True,3.95,3.94,high,False
2025-11-06,Thursday,09:00,62.3,14.45,540,9,4,3,False,2025,11,November,45,4,5,True,2.33,2.32,high,False
2025-11-06,Thursday,09:10,58.1,15.48,550,9,5,3,False,2025,11,November,45,4,5,True,3.36,3.35,high,False
2025-11-07,Friday,08:30,76.4,11.78,510,8,1,4,False,2025,11,November,45,4,5,True,0.74,-0.35,medium,False
2025-11-07,Friday,08:40,76.5,11.77,520,8,2,4,False,2025,11,November,45,4,5,True,0.73,-0.36,medium,False
2025-11-07,Friday,08:50,78.6,11.45,530,8,3,4,False,2025,11,November,45,4,5,True,0.41,-0.68,medium,False
2025-11-07,Friday,09:00,80.2,11.2,540,9,4,4,False,2025,11,November,45,4,5,True,0.16,-0.93,medium,False
2025-11-07,Friday,09:10,81.2,11.08,550,9,5,4,False,2025,11,November,45,4,5,True,0.04,-1.05,medium,False
2025-11-10,Monday,08:30,68.9,13.06,510,8,1,0,False,2025,11,November,46,4,5,True,1.37,0.93,high,False
2025-11-10,Monday,08:40,71.9,12.5,520,8,2,0,False,2025,11,November,46,4,5,True,0.81,0.37,high,False
2025-11-10,Monday,08:50,73.6,12.2,530,8,3,0,False,2025,11,November,46,4,5,True,0.51,0.07,high,False
2025-11-10,Monday,09:00,75.7,11.88,540,9,4,0,False,2025,11,November,46,4,5,True,0.19,-0.25,medium,False
2025-11-10,Monday,09:10,75.5,11.92,550,9,5,0,False,2025,11,November,46,4,5,True,0.23,-0.21,medium,False
2025-11-11,Tuesday,08:30,54.8,16.42,510,8,1,1,False,2025,11,November,46,4,5,True,3.18,4.29,high,True
2025-11-11,Tuesday,08:40,55.8,16.13,520,8,2,1,False,2025,11,November,46,4,5,True,2.89,4.0,high,True
2025-11-11,Tuesday,08:50,66.7,13.48,530,8,3,1,False,2025,11,November,46,4,5,True,0.24,1.35,high,False
2025-11-11,Tuesday,09:00,76.7,11.73,540,9,4,1,False,2025,11,November,46,4,5,True,-1.51,-0.4,medium,False
2025-11-11,Tuesday,09:10,75.2,11.97,550,9,5,1,False,2025,11,November,46,4,5,True,-1.27,-0.16,medium,False
2025-11-12,Wednesday,08:30,52.4,17.18,510,8,1,2,False,2025,11,November,46,4,5,True,4.53,5.05,high,True
2025-11-12,Wednesday,08:40,51.8,17.38,520,8,2,2,False,2025,11,November,46,4,5,True,4.73,5.25,high,True
2025-11-12,Wednesday,08:50,60.5,14.87,530,8,3,2,False,2025,11,November,46,4,5,True,2.22,2.74,high,False
2025-11-12,Wednesday,09:00,68.7,13.1,540,9,4,2,False,2025,11,November,46,4,5,True,0.45,0.97,high,False
2025-11-12,Wednesday,09:10,67.1,13.42,550,9,5,2,False,2025,11,November,46,4,5,True,0.77,1.29,high,False
2025-11-13,Thursday,08:30,60.1,14.97,510,8,1,3,False,2025,11,November,46,4,5,True,2.85,2.84,high,False
2025-11-13,Thursday,08:40,57.4,15.67,520,8,2,3,False,2025,11,November,46,4,5,True,3.55,3.54,high,False
2025-11-13,Thursday,08:50,62.6,14.38,530,8,3,3,False,2025,11,November,46,4,5,True,2.26,2.25,high,False
2025-11-13,Thursday,09:00,68.7,13.1,540,9,4,3,False,2025,11,November,46,4,5,True,0.98,0.97,high,False
2025-11-13,Thursday,09:10,65.7,13.7,550,9,5,3,False,2025,11,November,46,4,5,True,1.58,1.57,high,False
2025-11-14,Friday,08:30,74.2,12.13,510,8,1,4,False,2025,11,November,46,4,5,True,1.09,0.0,medium,False
2025-11-14,Friday,08:40,72.6,12.4,520,8,2,4,False,2025,11,November,46,4,5,True,1.36,0.27,high,False
2025-11-14,Friday,08:50,75.7,11.88,530,8,3,4,False,2025,11,November,46,4,5,True,0.84,-0.25,medium,False
2025-11-14,Friday,09:00,78.8,11.42,540,9,4,4,False,2025,11,November,46,4,5,True,0.38,-0.71,medium,False
2025-11-14,Friday,09:10,81.0,11.12,550,9,5,4,False,2025,11,November,46,4,5,True,0.08,-1.01,medium,False
2025-11-17,Monday,08:30,47.0,19.15,510,8,1,0,False,2025,11,November,47,4,5,True,7.46,7.02,high,True
2025-11-17,Monday,08:40,45.3,19.87,520,8,2,0,False,2025,11,November,47,4,5,True,8.18,7.74,high,True
2025-11-17,Monday,08:50,54.7,16.47,530,8,3,0,False,2025,11,November,47,4,5,True,4.78,4.34,high,True
2025-11-17,Monday,09:00,49.4,18.22,540,9,4,0,False,2025,11,November,47,4,5,True,6.53,6.09,high,True
2025-11-17,Monday,09:10,66.7,13.48,550,9,5,0,False,2025,11,November,47,4,5,True,1.79,1.35,high,False
2025-11-18,Tuesday,08:30,33.5,26.85,510,8,1,1,False,2025,11,November,47,4,5,True,13.61,14.72,high,True
2025-11-18,Tuesday,08:40,33.3,27.05,520,8,2,1,False,2025,11,November,47,4,5,True,13.81,14.92,high,True
2025-11-18,Tuesday,08:50,34.0,26.47,530,8,3,1,False,2025,11,November,47,4,5,True,13.23,14.34,high,True
2025-11-18,Tuesday,09:00,37.5,24.0,540,9,4,1,False,2025,11,November,47,4,5,True,10.76,11.87,high,True
2025-11-18,Tuesday,09:10,44.6,20.17,550,9,5,1,False,2025,11,November,47,4,5,True,6.93,8.04,high,True
2025-11-19,Wednesday,08:30,39.3,22.88,510,8,1,2,False,2025,11,November,47,4,5,True,10.23,10.75,high,True
2025-11-19,Wednesday,08:40,49.2,18.3,520,8,2,2,False,2025,11,November,47,4,5,True,5.65,6.17,high,True
2025-11-19,Wednesday,08:50,53.1,16.93,530,8,3,2,False,2025,11,November,47,4,5,True,4.28,4.8,high,True
2025-11-19,Wednesday,09:00,56.0,16.07,540,9,4,2,False,2025,11,November,47,4,5,True,3.42,3.94,high,False
2025-11-19,Wednesday,09:10,67.2,13.4,550,9,5,2,False,2025,11,November,47,4,5,True,0.75,1.27,high,False
2025-11-20,Thursday,08:30,65.9,13.65,510,8,1,3,False,2025,11,November,47,4,5,True,1.53,1.52,high,False
2025-11-20,Thursday,08:40,73.4,12.27,520,8,2,3,False,2025,11,November,47,4,5,True,0.15,0.14,high,False
2025-11-20,Thursday,08:50,79.3,11.35,530,8,3,3,False,2025,11,November,47,4,5,True,-0.77,-0.78,medium,False
2025-11-20,Thursday,09:00,75.8,11.87,540,9,4,3,False,2025,11,November,47,4,5,True,-0.25,-0.26,medium,False
2025-11-20,Thursday,09:10,76.6,11.75,550,9,5,3,False,2025,11,November,47,4,5,True,-0.37,-0.38,medium,False
2025-11-21,Friday,08:30,69.0,13.05,510,8,1,4,False,2025,11,November,47,4,5,True,2.01,0.92,high,False
2025-11-21,Friday,08:40,72.7,12.38,520,8,2,4,False,2025,11,November,47,4,5,True,1.34,0.25,high,False
2025-11-21,Friday,08:50,74.1,12.15,530,8,3,4,False,2025,11,November,47,4,5,True,1.11,0.02,medium,False
2025-11-21,Friday,09:00,77.4,11.63,540,9,4,4,False,2025,11,November,47,4,5,True,0.59,-0.5,medium,False
2025-11-21,Friday,09:10,74.0,12.17,550,9,5,4,False,2025,11,November,47,4,5,True,1.13,0.04,medium,False
2025-11-24,Monday,08:30,75.6,11.9,510,8,1,0,False,2025,11,November,48,4,5,True,0.21,-0.23,medium,False
2025-11-24,Monday,08:40,74.7,12.05,520,8,2,0,False,2025,11,November,48,4,5,True,0.36,-0.08,medium,False
2025-11-24,Monday,08:50,77.3,11.65,530,8,3,0,False,2025,11,November,48,4,5,True,-0.04,-0.48,medium,False
2025-11-24,Monday,09:00,78.3,11.5,540,9,4,0,False,2025,11,November,48,4,5,True,-0.19,-0.63,medium,False
2025-11-24,Monday,09:10,71.5,12.58,550,9,5,0,False,2025,11,November,48,4,5,True,0.89,0.45,high,False
2025-11-25,Tuesday,08:30,65.1,13.83,510,8,1,1,False,2025,11,November,48,4,5,True,0.59,1.7,high,False
2025-11-25,Tuesday,08:40,70.5,12.77,520,8,2,1,False,2025,11,November,48,4,5,True,-0.47,0.64,high,False
2025-11-25,Tuesday,08:50,74.3,12.12,530,8,3,1,False,2025,11,November,48,4,5,True,-1.12,-0.01,medium,False
2025-11-25,Tuesday,09:00,75.8,11.87,540,9,4,1,False,2025,11,November,48,4,5,True,-1.37,-0.26,medium,False
2025-11-25,Tuesday,09:10,83.5,10.78,550,9,5,1,False,2025,11,November,48,4,5,True,-2.46,-1.35,low,False
2025-11-26,Wednesday,08:30,73.0,12.33,510,8,1,2,False,2025,11,November,48,4,5,True,-0.32,0.2,high,False
2025-11-26,Wednesday,08:40,75.6,11.9,520,8,2,2,False,2025,11,November,48,4,5,True,-0.75,-0.23,medium,False
2025-11-26,Wednesday,08:50,79.4,11.33,530,8,3,2,False,2025,11,November,48,4,5,True,-1.32,-0.8,medium,False
2025-11-26,Wednesday,09:00,81.3,11.07,540,9,4,2,False,2025,11,November,48,4,5,True,-1.58,-1.06,medium,False
2025-11-26,Wednesday,09:10,81.8,11.0,550,9,5,2,False,2025,11,November,48,4,5,True,-1.65,-1.13,medium,False
2025-11-27,Thursday,08:30,92.5,9.73,510,8,1,3,False,2025,11,November,48,4,5,True,-2.39,-2.4,low,False
2025-11-27,Thursday,08:40,92.2,9.77,520,8,2,3,False,2025,11,November,48,4,5,True,-2.35,-2.36,low,False
2025-11-27,Thursday,08:50,91.7,9.82,530,8,3,3,False,2025,11,November,48,4,5,True,-2.3,-2.31,low,False
2025-11-27,Thursday,09:00,90.8,9.92,540,9,4,3,False,2025,11,November,48,4,5,True,-2.2,-2.21,low,False
2025-11-27,Thursday,09:10,90.3,9.97,550,9,5,3,False,2025,11,November,48,4,5,True,-2.15,-2.16,low,False
2025-11-28,Friday,08:30,92.8,9.7,510,8,1,4,False,2025,11,November,48,4,5,True,-1.34,-2.43,low,False
2025-11-28,Friday,08:40,92.3,9.75,520,8,2,4,False,2025,11,November,48,4,5,True,-1.29,-2.38,low,False
2025-11-28,Friday,08:50,91.7,9.82,530,8,3,4,False,2025,11,November,48,4,5,True,-1.22,-2.31,low,False
2025-11-28,Friday,09:00,91.1,9.88,540,9,4,4,False,2025,11,November,48,4,5,True,-1.16,-2.25,low,False
2025-11-28,Friday,09:10,90.8,9.92,550,9,5,4,False,2025,11,November,48,4,5,True,-1.12,-2.21,low,False
2025-12-01,Monday,08:30,64.4,13.98,510,8,1,0,False,2025,12,December,49,4,5,True,2.29,1.85,high,False
2025-12-01,Monday,08:40,73.8,12.2,520,8,2,0,False,2025,12,December,49,4,5,True,0.51,0.07,high,False
2025-12-01,Monday,08:50,75.2,11.97,530,8,3,0,False,2025,12,December,49,4,5,True,0.28,-0.16,medium,False
2025-12-01,Monday,09:00,78.9,11.4,540,9,4,0,False,2025,12,December,49,4,5,True,-0.29,-0.73,medium,False
2025-12-01,Monday,09:10,76.2,11.82,550,9,5,0,False,2025,12,December,49,4,5,True,0.13,-0.31,medium,False
2025-12-02,Tuesday,08:30,85.6,10.52,510,8,1,1,False,2025,12,December,49,4,5,True,-2.72,-1.61,low,False
2025-12-02,Tuesday,08:40,65.9,13.65,520,8,2,1,False,2025,12,December,49,4,5,True,0.41,1.52,high,False
2025-12-02,Tuesday,08:50,70.5,12.77,530,8,3,1,False,2025,12,December,49,4,5,True,-0.47,0.64,high,False
2025-12-02,Tuesday,09:00,85.3,10.55,540,9,4,1,False,2025,12,December,49,4,5,True,-2.69,-1.58,low,False
2025-12-02,Tuesday,09:10,89.1,10.1,550,9,5,1,False,2025,12,December,49,4,5,True,-3.14,-2.03,low,False
2025-12-03,Wednesday,08:30,54.0,16.67,510,8,1,2,False,2025,12,December,49,4,5,True,4.02,4.54,high,True
2025-12-03,Wednesday,08:40,54.1,16.65,520,8,2,2,False,2025,12,December,49,4,5,True,4.0,4.52,high,True
2025-12-03,Wednesday,08:50,54.7,16.47,530,8,3,2,False,2025,12,December,49,4,5,True,3.82,4.34,high,True
2025-12-03,Wednesday,09:00,62.1,14.5,540,9,4,2,False,2025,12,December,49,4,5,True,1.85,2.37,high,False
2025-12-03,Wednesday,09:10,72.3,12.45,550,9,5,2,False,2025,12,December,49,4,5,True,-0.2,0.32,high,False
2025-12-04,Thursday,08:30,55.8,16.13,510,8,1,3,False,2025,12,December,49,4,5,True,4.01,4.0,high,True
2025-12-04,Thursday,08:40,57.0,15.78,520,8,2,3,False,2025,12,December,49,4,5,True,3.66,3.65,high,False
2025-12-04,Thursday,08:50,64.3,14.0,530,8,3,3,False,2025,12,December,49,4,5,True,1.88,1.87,high,False
2025-12-04,Thursday,09:00,73.6,12.23,540,9,4,3,False,2025,12,December,49,4,5,True,0.11,0.1,high,False
2025-12-04,Thursday,09:10,79.8,11.28,550,9,5,3,False,2025,12,December,49,4,5,True,-0.84,-0.85,medium,False
2025-12-05,Friday,08:30,80.2,11.22,510,8,1,4,False,2025,12,December,49,4,5,True,0.18,-0.91,medium,False
2025-12-05,Friday,08:40,79.5,11.32,520,8,2,4,False,2025,12,December,49,4,5,True,0.28,-0.81,medium,False
2025-12-05,Friday,08:50,78.5,11.47,530,8,3,4,False,2025,12,December,49,4,5,True,0.43,-0.66,medium,False
2025-12-05,Friday,09:00,75.9,11.85,540,9,4,4,False,2025,12,December,49,4,5,True,0.81,-0.28,medium,False
2025-12-05,Friday,09:10,79.6,11.3,550,9,5,4,False,2025,12,December,49,4,5,True,0.26,-0.83,medium,False
2025-12-08,Monday,08:30,61.3,14.68,510,8,1,0,False,2025,12,December,50,4,5,True,2.99,2.55,high,False
2025-12-08,Monday,08:40,65.5,13.75,520,8,2,0,False,2025,12,December,50,4,5,True,2.06,1.62,high,False
2025-12-08,Monday,08:50,77.3,11.65,530,8,3,0,False,2025,12,December,50,4,5,True,-0.04,-0.48,medium,False
2025-12-08,Monday,09:00,74.7,12.05,540,9,4,0,False,2025,12,December,50,4,5,True,0.36,-0.08,medium,False
2025-12-08,Monday,09:10,79.4,11.33,550,9,5,0,False,2025,12,December,50,4,5,True,-0.36,-0.8,medium,False
2025-12-09,Tuesday,08:30,46.1,19.53,510,8,1,1,False,2025,12,December,50,4,5,True,6.29,7.4,high,True
2025-12-09,Tuesday,08:40,44.6,20.17,520,8,2,1,False,2025,12,December,50,4,5,True,6.93,8.04,high,True
2025-12-09,Tuesday,08:50,50.6,17.78,530,8,3,1,False,2025,12,December,50,4,5,True,4.54,5.65,high,True
2025-12-09,Tuesday,09:00,52.5,17.15,540,9,4,1,False,2025,12,December,50,4,5,True,3.91,5.02,high,True
2025-12-09,Tuesday,09:10,72.1,12.48,550,9,5,1,False,2025,12,December,50,4,5,True,-0.76,0.35,high,False
2025-12-10,Wednesday,08:30,40.0,22.5,510,8,1,2,False,2025,12,December,50,4,5,True,9.85,10.37,high,True
2025-12-10,Wednesday,08:40,41.2,21.83,520,8,2,2,False,2025,12,December,50,4,5,True,9.18,9.7,high,True
2025-12-10,Wednesday,08:50,58.5,15.38,530,8,3,2,False,2025,12,December,50,4,5,True,2.73,3.25,high,False
2025-12-10,Wednesday,09:00,68.4,13.17,540,9,4,2,False,2025,12,December,50,4,5,True,0.52,1.04,high,False
2025-12-10,Wednesday,09:10,72.3,12.45,550,9,5,2,False,2025,12,December,50,4,5,True,-0.2,0.32,high,False
2025-12-11,Thursday,08:30,62.1,14.5,510,8,1,3,False,2025,12,December,50,4,5,True,2.38,2.37,high,False
2025-12-11,Thursday,08:40,66.7,13.48,520,8,2,3,False,2025,12,December,50,4,5,True,1.36,1.35,high,False
2025-12-11,Thursday,08:50,70.3,12.8,530,8,3,3,False,2025,12,December,50,4,5,True,0.68,0.67,high,False
2025-12-11,Thursday,09:00,62.8,14.33,540,9,4,3,False,2025,12,December,50,4,5,True,2.21,2.2,high,False
2025-12-11,Thursday,09:10,69.5,12.95,550,9,5,3,False,2025,12,December,50,4,5,True,0.83,0.82,high,False
2025-12-12,Friday,08:30,71.4,12.6,510,8,1,4,False,2025,12,December,50,4,5,True,1.56,0.47,high,False
2025-12-12,Friday,08:40,76.1,11.83,520,8,2,4,False,2025,12,December,50,4,5,True,0.79,-0.3,medium,False
2025-12-12,Friday,08:50,84.6,10.63,530,8,3,4,False,2025,12,December,50,4,5,True,-0.41,-1.5,low,False
2025-12-12,Friday,09:00,85.2,10.57,540,9,4,4,False,2025,12,December,50,4,5,True,-0.47,-1.56,low,False
2025-12-12,Friday,09:10,85.3,10.55,550,9,5,4,False,2025,12,December,50,4,5,True,-0.49,-1.58,low,False
2025-12-15,Monday,08:30,78.8,11.42,510,8,1,0,False,2025,12,December,51,4,5,True,-0.27,-0.71,medium,False
2025-12-15,Monday,08:40,82.8,10.87,520,8,2,0,False,2025,12,December,51,4,5,True,-0.82,-1.26,medium,False
2025-12-15,Monday,08:50,82.1,10.97,530,8,3,0,False,2025,12,December,51,4,5,True,-0.72,-1.16,medium,False
2025-12-15,Monday,09:00,82.1,10.97,540,9,4,0,False,2025,12,December,51,4,5,True,-0.72,-1.16,medium,False
2025-12-15,Monday,09:10,84.1,10.7,550,9,5,0,False,2025,12,December,51,4,5,True,-0.99,-1.43,low,False
2025-12-16,Tuesday,08:30,58.5,15.38,510,8,1,1,False,2025,12,December,51,4,5,True,2.14,3.25,high,False
2025-12-16,Tuesday,08:40,59.7,15.07,520,8,2,1,False,2025,12,December,51,4,5,True,1.83,2.94,high,False
2025-12-16,Tuesday,08:50,61.2,14.72,530,8,3,1,False,2025,12,December,51,4,5,True,1.48,2.59,high,False
2025-12-16,Tuesday,09:00,57.0,15.8,540,9,4,1,False,2025,12,December,51,4,5,True,2.56,3.67,high,False
2025-12-16,Tuesday,09:10,55.1,16.33,550,9,5,1,False,2025,12,December,51,4,5,True,3.09,4.2,high,True
2025-12-17,Wednesday,08:30,71.4,12.6,510,8,1,2,False,2025,12,December,51,4,5,True,-0.05,0.47,high,False
2025-12-17,Wednesday,08:40,67.4,13.35,520,8,2,2,False,2025,12,December,51,4,5,True,0.7,1.22,high,False
2025-12-17,Wednesday,08:50,71.4,12.6,530,8,3,2,False,2025,12,December,51,4,5,True,-0.05,0.47,high,False
2025-12-17,Wednesday,09:00,72.5,12.42,540,9,4,2,False,2025,12,December,51,4,5,True,-0.23,0.29,high,False
2025-12-17,Wednesday,09:10,75.8,11.87,550,9,5,2,False,2025,12,December,51,4,5,True,-0.78,-0.26,medium,False
2025-12-18,Thursday,08:30,54.9,16.38,510,8,1,3,False,2025,12,December,51,4,5,True,4.26,4.25,high,True
2025-12-18,Thursday,08:40,73.9,12.18,520,8,2,3,False,2025,12,December,51,4,5,True,0.06,0.05,high,False
2025-12-18,Thursday,08:50,74.8,12.03,530,8,3,3,False,2025,12,December,51,4,5,True,-0.09,-0.1,medium,False
2025-12-18,Thursday,09:00,71.4,12.6,540,9,4,3,False,2025,12,December,51,4,5,True,0.48,0.47,high,False
2025-12-18,Thursday,09:10,71.2,12.63,550,9,5,3,False,2025,12,December,51,4,5,True,0.51,0.5,high,False
2025-12-19,Friday,08:30,69.7,12.92,510,8,1,4,False,2025,12,December,51,4,5,True,1.88,0.79,high,False
2025-12-19,Friday,08:40,69.7,12.92,520,8,2,4,False,2025,12,December,51,4,5,True,1.88,0.79,high,False
2025-12-19,Friday,08:50,70.7,12.73,530,8,3,4,False,2025,12,December,51,4,5,True,1.69,0.6,high,False
2025-12-19,Friday,09:00,73.7,12.22,540,9,4,4,False,2025,12,December,51,4,5,True,1.18,0.09,high,False
2025-12-19,Friday,09:10,86.3,10.43,550,9,5,4,False,2025,12,December,51,4,5,True,-0.61,-1.7,low,False
2025-12-22,Monday,08:30,86.0,10.47,510,8,1,0,False,2025,12,December,52,4,5,True,-1.22,-1.66,low,False
2025-12-22,Monday,08:40,84.9,10.6,520,8,2,0,False,2025,12,December,52,4,5,True,-1.09,-1.53,low,False
2025-12-22,Monday,08:50,84.6,10.63,530,8,3,0,False,2025,12,December,52,4,5,True,-1.06,-1.5,low,False
2025-12-22,Monday,09:00,85.3,10.55,540,9,4,0,False,2025,12,December,52,4,5,True,-1.14,-1.58,low,False
2025-12-22,Monday,09:10,86.0,10.47,550,9,5,0,False,2025,12,December,52,4,5,True,-1.22,-1.66,low,False
2025-12-23,Tuesday,08:30,83.3,10.8,510,8,1,1,False,2025,12,December,52,4,5,True,-2.44,-1.33,low,False
2025-12-23,Tuesday,08:40,81.6,11.03,520,8,2,1,False,2025,12,December,52,4,5,True,-2.21,-1.1,medium,False
2025-12-23,Tuesday,08:50,86.4,10.42,530,8,3,1,False,2025,12,December,52,4,5,True,-2.82,-1.71,low,False
2025-12-23,Tuesday,09:00,83.2,10.82,540,9,4,1,False,2025,12,December,52,4,5,True,-2.42,-1.31,low,False
2025-12-23,Tuesday,09:10,83.7,10.75,550,9,5,1,False,2025,12,December,52,4,5,True,-2.49,-1.38,low,False
2025-12-24,Wednesday,08:30,79.4,11.33,510,8,1,2,False,2025,12,December,52,4,5,True,-1.32,-0.8,medium,False
2025-12-24,Wednesday,08:40,80.6,11.17,520,8,2,2,False,2025,12,December,52,4,5,True,-1.48,-0.96,medium,False
2025-12-24,Wednesday,08:50,80.6,11.17,530,8,3,2,False,2025,12,December,52,4,5,True,-1.48,-0.96,medium,False
2025-12-24,Wednesday,09:00,81.9,10.98,540,9,4,2,False,2025,12,December,52,4,5,True,-1.67,-1.15,medium,False
2025-12-24,Wednesday,09:10,82.1,10.97,550,9,5,2,False,2025,12,December,52,4,5,True,-1.68,-1.16,medium,False
2025-12-25,Thursday,08:30,92.0,9.78,510,8,1,3,False,2025,12,December,52,4,5,True,-2.34,-2.35,low,False
2025-12-25,Thursday,08:40,90.6,9.93,520,8,2,3,False,2025,12,December,52,4,5,True,-2.19,-2.2,low,False
2025-12-25,Thursday,08:50,91.5,9.83,530,8,3,3,False,2025,12,December,52,4,5,True,-2.29,-2.3,low,False
2025-12-25,Thursday,09:00,91.5,9.83,540,9,4,3,False,2025,12,December,52,4,5,True,-2.29,-2.3,low,False
2025-12-25,Thursday,09:10,90.9,9.9,550,9,5,3,False,2025,12,December,52,4,5,True,-2.22,-2.23,low,False
2025-12-26,Friday,08:30,89.7,10.03,510,8,1,4,False,2025,12,December,52,4,5,True,-1.01,-2.1,low,False
2025-12-26,Friday,08:40,89.4,10.07,520,8,2,4,False,2025,12,December,52,4,5,True,-0.97,-2.06,low,False
2025-12-26,Friday,08:50,89.3,10.08,530,8,3,4,False,2025,12,December,52,4,5,True,-0.96,-2.05,low,False
2025-12-26,Friday,09:00,89.7,10.03,540,9,4,4,False,2025,12,December,52,4,5,True,-1.01,-2.1,low,False
2025-12-26,Friday,09:10,89.4,10.07,550,9,5,4,False,2025,12,December,52,4,5,True,-0.97,-2.06,low,False
2025-12-29,Monday,08:30,83.9,10.73,510,8,1,0,False,2025,12,December,1,4,4,False,-0.96,-1.4,low,False
2025-12-29,Monday,08:40,84.1,10.7,520,8,2,0,False,2025,12,December,1,4,4,False,-0.99,-1.43,low,False
2025-12-29,Monday,08:50,84.8,10.62,530,8,3,0,False,2025,12,December,1,4,4,False,-1.07,-1.51,low,False
2025-12-29,Monday,09:00,86.4,10.42,540,9,4,0,False,2025,12,December,1,4,4,False,-1.27,-1.71,low,False
2025-12-30,Tuesday,08:30,77.8,11.57,510,8,1,1,False,2025,12,December,1,4,5,True,-1.67,-0.56,medium,False
2025-12-30,Tuesday,08:40,77.3,11.65,520,8,2,1,False,2025,12,December,1,4,5,True,-1.59,-0.48,medium,False
2025-12-30,Tuesday,08:50,92.8,9.7,530,8,3,1,False,2025,12,December,1,4,5,True,-3.54,-2.43,low,False
2025-12-30,Tuesday,09:00,90.8,9.92,540,9,4,1,False,2025,12,December,1,4,5,True,-3.32,-2.21,low,False
2025-12-30,Tuesday,09:10,87.8,10.25,550,9,5,1,False,2025,12,December,1,4,5,True,-2.99,-1.88,low,False
2025-12-31,Wednesday,08:30,78.9,11.4,510,8,1,2,False,2025,12,December,1,4,5,True,-1.25,-0.73,medium,False
2025-12-31,Wednesday,08:40,85.0,10.58,520,8,2,2,False,2025,12,December,1,4,5,True,-2.07,-1.55,low,False
2025-12-31,Wednesday,08:50,89.7,10.03,530,8,3,2,False,2025,12,December,1,4,5,True,-2.62,-2.1,low,False
2025-12-31,Wednesday,09:00,87.4,10.3,540,9,4,2,False,2025,12,December,1,4,5,True,-2.35,-1.83,low,False
2025-12-31,Wednesday,09:10,90.2,9.98,550,9,5,2,False,2025,12,December,1,4,5,True,-2.67,-2.15,low,False
2026-01-01,Thursday,08:30,91.2,9.87,510,8,1,3,False,2026,1,January,1,1,5,True,-2.25,-2.26,low,False
2026-01-01,Thursday,08:40,91.1,9.88,520,8,2,3,False,2026,1,January,1,1,5,True,-2.24,-2.25,low,False
2026-01-01,Thursday,08:50,91.2,9.87,530,8,3,3,False,2026,1,January,1,1,5,True,-2.25,-2.26,low,False
2026-01-01,Thursday,09:00,91.1,9.88,540,9,4,3,False,2026,1,January,1,1,5,True,-2.24,-2.25,low,False
2026-01-01,Thursday,09:10,90.6,9.93,550,9,5,3,False,2026,1,January,1,1,5,True,-2.19,-2.2,low,False
2026-01-02,Friday,08:30,89.3,10.08,510,8,1,4,False,2026,1,January,1,1,5,True,-0.96,-2.05,low,False
2026-01-02,Friday,08:40,89.6,10.05,520,8,2,4,False,2026,1,January,1,1,5,True,-0.99,-2.08,low,False
2026-01-02,Friday,08:50,89.1,10.1,530,8,3,4,False,2026,1,January,1,1,5,True,-0.94,-2.03,low,False
2026-01-02,Friday,09:00,90.5,9.95,540,9,4,4,False,2026,1,January,1,1,5,True,-1.09,-2.18,low,False
2026-01-02,Friday,09:10,89.1,10.1,550,9,5,4,False,2026,1,January,1,1,5,True,-0.94,-2.03,low,False
2026-01-05,Monday,08:30,79.4,11.33,510,8,1,0,False,2026,1,January,2,1,5,True,-0.36,-0.8,medium,False
2026-01-05,Monday,08:40,81.3,11.07,520,8,2,0,False,2026,1,January,2,1,5,True,-0.62,-1.06,medium,False
2026-01-05,Monday,08:50,84.5,10.65,530,8,3,0,False,2026,1,January,2,1,5,True,-1.04,-1.48,low,False
2026-01-05,Monday,09:00,72.7,12.38,540,9,4,0,False,2026,1,January,2,1,5,True,0.69,0.25,high,False
2026-01-05,Monday,09:10,84.5,10.65,550,9,5,0,False,2026,1,January,2,1,5,True,-1.04,-1.48,low,False
2026-01-06,Tuesday,08:30,64.7,13.92,510,8,1,1,False,2026,1,January,2,1,5,True,0.68,1.79,high,False
2026-01-06,Tuesday,08:40,65.6,13.72,520,8,2,1,False,2026,1,January,2,1,5,True,0.48,1.59,high,False
2026-01-06,Tuesday,08:50,68.3,13.18,530,8,3,1,False,2026,1,January,2,1,5,True,-0.06,1.05,high,False
2026-01-06,Tuesday,09:00,73.4,12.27,540,9,4,1,False,2026,1,January,2,1,5,True,-0.97,0.14,high,False
2026-01-06,Tuesday,09:10,70.1,12.83,550,9,5,1,False,2026,1,January,2,1,5,True,-0.41,0.7,high,False
2026-01-07,Wednesday,08:30,70.1,12.83,510,8,1,2,False,2026,1,January,2,1,5,True,0.18,0.7,high,False
2026-01-07,Wednesday,08:40,75.1,11.98,520,8,2,2,False,2026,1,January,2,1,5,True,-0.67,-0.15,medium,False
2026-01-07,Wednesday,08:50,80.2,11.22,530,8,3,2,False,2026,1,January,2,1,5,True,-1.43,-0.91,medium,False
2026-01-07,Wednesday,09:00,82.7,10.88,540,9,4,2,False,2026,1,January,2,1,5,True,-1.77,-1.25,medium,False
2026-01-07,Wednesday,09:10,77.7,11.58,550,9,5,2,False,2026,1,January,2,1,5,True,-1.07,-0.55,medium,False
2026-01-08,Thursday,08:30,83.2,10.82,510,8,1,3,False,2026,1,January,2,1,5,True,-1.3,-1.31,low,False
2026-01-08,Thursday,08:40,80.2,11.22,520,8,2,3,False,2026,1,January,2,1,5,True,-0.9,-0.91,medium,False
2026-01-08,Thursday,08:50,85.4,10.53,530,8,3,3,False,2026,1,January,2,1,5,True,-1.59,-1.6,low,False
2026-01-08,Thursday,09:00,84.4,10.67,540,9,4,3,False,2026,1,January,2,1,5,True,-1.45,-1.46,low,False
2026-01-08,Thursday,09:10,87.2,10.32,550,9,5,3,False,2026,1,January,2,1,5,True,-1.8,-1.81,low,False
2026-01-09,Friday,08:30,81.6,11.03,510,8,1,4,False,2026,1,January,2,1,5,True,-0.01,-1.1,medium,False
2026-01-09,Friday,08:40,83.9,10.73,520,8,2,4,False,2026,1,January,2,1,5,True,-0.31,-1.4,low,False
2026-01-09,Friday,08:50,84.6,10.63,530,8,3,4,False,2026,1,January,2,1,5,True,-0.41,-1.5,low,False
2026-01-09,Friday,09:00,84.1,10.7,540,9,4,4,False,2026,1,January,2,1,5,True,-0.34,-1.43,low,False
2026-01-09,Friday,09:10,87.1,10.33,550,9,5,4,False,2026,1,January,2,1,5,True,-0.71,-1.8,low,False
2026-01-12,Monday,08:30,67.3,13.37,510,8,1,0,False,2026,1,January,3,1,4,False,1.68,1.24,high,False
2026-01-12,Monday,08:50,69.3,12.98,530,8,3,0,False,2026,1,January,3,1,4,False,1.29,0.85,high,False
2026-01-12,Monday,09:00,70.1,12.83,540,9,4,0,False,2026,1,January,3,1,4,False,1.14,0.7,high,False
2026-01-12,Monday,09:10,73.0,12.33,550,9,5,0,False,2026,1,January,3,1,4,False,0.64,0.2,high,False
2026-01-13,Tuesday,08:30,80.4,11.2,510,8,1,1,False,2026,1,January,3,1,5,True,-2.04,-0.93,medium,False
2026-01-13,Tuesday,08:40,79.1,11.38,520,8,2,1,False,2026,1,January,3,1,5,True,-1.86,-0.75,medium,False
2026-01-13,Tuesday,08:50,78.7,11.43,530,8,3,1,False,2026,1,January,3,1,5,True,-1.81,-0.7,medium,False
2026-01-13,Tuesday,09:00,80.8,11.13,540,9,4,1,False,2026,1,January,3,1,5,True,-2.11,-1.0,medium,False
2026-01-13,Tuesday,09:10,79.4,11.33,550,9,5,1,False,2026,1,January,3,1,5,True,-1.91,-0.8,medium,False
2026-01-14,Wednesday,08:30,75.1,11.98,510,8,1,2,False,2026,1,January,3,1,5,True,-0.67,-0.15,medium,False
2026-01-14,Wednesday,08:40,74.4,12.1,520,8,2,2,False,2026,1,January,3,1,5,True,-0.55,-0.03,medium,False
2026-01-14,Wednesday,08:50,68.5,13.13,530,8,3,2,False,2026,1,January,3,1,5,True,0.48,1.0,high,False
2026-01-14,Wednesday,09:00,77.7,11.58,540,9,4,2,False,2026,1,January,3,1,5,True,-1.07,-0.55,medium,False
2026-01-14,Wednesday,09:10,77.1,11.67,550,9,5,2,False,2026,1,January,3,1,5,True,-0.98,-0.46,medium,False
2026-01-15,Thursday,08:30,75.2,11.97,510,8,1,3,False,2026,1,January,3,1,5,True,-0.15,-0.16,medium,False
2026-01-15,Thursday,08:40,72.7,12.38,520,8,2,3,False,2026,1,January,3,1,5,True,0.26,0.25,high,False
2026-01-15,Thursday,08:50,74.6,12.07,530,8,3,3,False,2026,1,January,3,1,5,True,-0.05,-0.06,medium,False
2026-01-15,Thursday,09:00,71.8,12.53,540,9,4,3,False,2026,1,January,3,1,5,True,0.41,0.4,high,False
2026-01-15,Thursday,09:10,79.5,11.32,550,9,5,3,False,2026,1,January,3,1,5,True,-0.8,-0.81,medium,False
2026-01-16,Friday,08:30,85.7,10.5,510,8,1,4,False,2026,1,January,3,1,5,True,-0.54,-1.63,low,False
2026-01-16,Friday,08:40,85.6,10.52,520,8,2,4,False,2026,1,January,3,1,5,True,-0.52,-1.61,low,False
2026-01-16,Friday,08:50,85.7,10.5,530,8,3,4,False,2026,1,January,3,1,5,True,-0.54,-1.63,low,False
2026-01-16,Friday,09:00,89.0,10.12,540,9,4,4,False,2026,1,January,3,1,5,True,-0.92,-2.01,low,False
2026-01-16,Friday,09:10,88.5,10.17,550,9,5,4,False,2026,1,January,3,1,5,True,-0.87,-1.96,low,False
2026-01-19,Monday,08:30,91.7,9.82,510,8,1,0,False,2026,1,January,4,1,5,True,-1.87,-2.31,low,False
2026-01-19,Monday,08:40,92.3,9.75,520,8,2,0,False,2026,1,January,4,1,5,True,-1.94,-2.38,low,False
2026-01-19,Monday,08:50,91.5,9.83,530,8,3,0,False,2026,1,January,4,1,5,True,-1.86,-2.3,low,False
2026-01-19,Monday,09:00,90.9,9.9,540,9,4,0,False,2026,1,January,4,1,5,True,-1.79,-2.23,low,False
2026-01-19,Monday,09:10,90.9,9.9,550,9,5,0,False,2026,1,January,4,1,5,True,-1.79,-2.23,low,False
2026-01-20,Tuesday,08:30,68.4,13.17,510,8,1,1,False,2026,1,January,4,1,5,True,-0.07,1.04,high,False
2026-01-20,Tuesday,08:40,75.5,11.92,520,8,2,1,False,2026,1,January,4,1,5,True,-1.32,-0.21,medium,False
2026-01-20,Tuesday,08:50,76.6,11.75,530,8,3,1,False,2026,1,January,4,1,5,True,-1.49,-0.38,medium,False
2026-01-20,Tuesday,09:00,81.1,11.1,540,9,4,1,False,2026,1,January,4,1,5,True,-2.14,-1.03,medium,False
2026-01-20,Tuesday,09:10,76.7,11.73,550,9,5,1,False,2026,1,January,4,1,5,True,-1.51,-0.4,medium,False
2026-01-21,Wednesday,08:30,79.1,11.38,510,8,1,2,False,2026,1,January,4,1,5,True,-1.27,-0.75,medium,False
2026-01-21,Wednesday,08:40,75.4,11.93,520,8,2,2,False,2026,1,January,4,1,5,True,-0.72,-0.2,medium,False
2026-01-21,Wednesday,08:50,79.4,11.33,530,8,3,2,False,2026,1,January,4,1,5,True,-1.32,-0.8,medium,False
2026-01-21,Wednesday,09:00,76.3,11.8,540,9,4,2,False,2026,1,January,4,1,5,True,-0.85,-0.33,medium,False
2026-01-21,Wednesday,09:10,81.7,11.02,550,9,5,2,False,2026,1,January,4,1,5,True,-1.63,-1.11,medium,False
2026-01-22,Thursday,08:30,74.1,12.15,510,8,1,3,False,2026,1,January,4,1,5,True,0.03,0.02,medium,False
2026-01-22,Thursday,08:40,78.7,11.43,520,8,2,3,False,2026,1,January,4,1,5,True,-0.69,-0.7,medium,False
2026-01-22,Thursday,08:50,82.3,10.93,530,8,3,3,False,2026,1,January,4,1,5,True,-1.19,-1.2,medium,False
2026-01-22,Thursday,09:00,81.6,11.03,540,9,4,3,False,2026,1,January,4,1,5,True,-1.09,-1.1,medium,False
2026-01-22,Thursday,09:10,76.6,11.75,550,9,5,3,False,2026,1,January,4,1,5,True,-0.37,-0.38,medium,False
2026-01-23,Friday,08:30,89.7,10.03,510,8,1,4,False,2026,1,January,4,1,5,True,-1.01,-2.1,low,False
2026-01-23,Friday,08:40,88.7,10.15,520,8,2,4,False,2026,1,January,4,1,5,True,-0.89,-1.98,low,False
2026-01-23,Friday,08:50,89.7,10.03,530,8,3,4,False,2026,1,January,4,1,5,True,-1.01,-2.1,low,False
2026-01-23,Friday,09:00,90.6,9.93,540,9,4,4,False,2026,1,January,4,1,5,True,-1.11,-2.2,low,False
2026-01-23,Friday,09:10,90.2,9.98,550,9,5,4,False,2026,1,January,4,1,5,True,-1.06,-2.15,low,False
2026-01-26,Monday,08:30,86.5,10.4,510,8,1,0,False,2026,1,January,5,1,5,True,-1.29,-1.73,low,False
2026-01-26,Monday,08:40,85.0,10.58,520,8,2,0,False,2026,1,January,5,1,5,True,-1.11,-1.55,low,False
2026-01-26,Monday,08:50,86.8,10.37,530,8,3,0,False,2026,1,January,5,1,5,True,-1.32,-1.76,low,False
2026-01-26,Monday,09:00,87.5,10.28,540,9,4,0,False,2026,1,January,5,1,5,True,-1.41,-1.85,low,False
2026-01-26,Monday,09:10,88.7,10.15,550,9,5,0,False,2026,1,January,5,1,5,True,-1.54,-1.98,low,False
2026-01-27,Tuesday,08:30,93.1,9.67,510,8,1,1,False,2026,1,January,5,1,5,True,-3.57,-2.46,low,False
2026-01-27,Tuesday,08:40,92.2,9.77,520,8,2,1,False,2026,1,January,5,1,5,True,-3.47,-2.36,low,False
2026-01-27,Tuesday,08:50,92.3,9.75,530,8,3,1,False,2026,1,January,5,1,5,True,-3.49,-2.38,low,False
2026-01-27,Tuesday,09:00,92.6,9.72,540,9,4,1,False,2026,1,January,5,1,5,True,-3.52,-2.41,low,False
2026-01-27,Tuesday,09:10,92.3,9.75,550,9,5,1,False,2026,1,January,5,1,5,True,-3.49,-2.38,low,False
2026-01-28,Wednesday,08:30,91.1,9.88,510,8,1,2,False,2026,1,January,5,1,5,True,-2.77,-2.25,low,False
2026-01-28,Wednesday,08:40,90.3,9.97,520,8,2,2,False,2026,1,January,5,1,5,True,-2.68,-2.16,low,False
2026-01-28,Wednesday,08:50,91.1,9.88,530,8,3,2,False,2026,1,January,5,1,5,True,-2.77,-2.25,low,False
2026-01-28,Wednesday,09:00,89.9,10.02,540,9,4,2,False,2026,1,January,5,1,5,True,-2.63,-2.11,low,False
2026-01-28,Wednesday,09:10,91.4,9.85,550,9,5,2,False,2026,1,January,5,1,5,True,-2.8,-2.28,low,False
2026-01-29,Thursday,08:30,90.9,9.9,510,8,1,3,False,2026,1,January,5,1,5,True,-2.22,-2.23,low,False
2026-01-29,Thursday,08:40,90.9,9.9,520,8,2,3,False,2026,1,January,5,1,5,True,-2.22,-2.23,low,False
2026-01-29,Thursday,08:50,90.6,9.93,530,8,3,3,False,2026,1,January,5,1,5,True,-2.19,-2.2,low,False
2026-01-29,Thursday,09:00,91.5,9.83,540,9,4,3,False,2026,1,January,5,1,5,True,-2.29,-2.3,low,False
2026-01-29,Thursday,09:10,91.1,9.88,550,9,5,3,False,2026,1,January,5,1,5,True,-2.24,-2.25,low,False
2026-01-30,Friday,08:30,89.9,10.02,510,8,1,4,False,2026,1,January,5,1,5,True,-1.02,-2.11,low,False
2026-01-30,Friday,08:40,90.8,9.92,520,8,2,4,False,2026,1,January,5,1,5,True,-1.12,-2.21,low,False
2026-01-30,Friday,08:50,91.4,9.85,530,8,3,4,False,2026,1,January,5,1,5,True,-1.19,-2.28,low,False
2026-01-30,Friday,09:00,91.8,9.8,540,9,4,4,False,2026,1,January,5,1,5,True,-1.24,-2.33,low,False
2026-01-30,Friday,09:10,91.2,9.87,550,9,5,4,False,2026,1,January,5,1,5,True,-1.17,-2.26,low,False
2026-02-02,Monday,08:30,80.4,11.2,510,8,1,0,False,2026,2,February,6,1,5,True,-0.49,-0.93,medium,False
2026-02-02,Monday,08:40,76.5,11.77,520,8,2,0,False,2026,2,February,6,1,5,True,0.08,-0.36,medium,False
2026-02-02,Monday,08:50,81.9,10.98,530,8,3,0,False,2026,2,February,6,1,5,True,-0.71,-1.15,medium,False
2026-02-02,Monday,09:00,78.9,11.4,540,9,4,0,False,2026,2,February,6,1,5,True,-0.29,-0.73,medium,False
2026-02-02,Monday,09:10,84.2,10.68,550,9,5,0,False,2026,2,February,6,1,5,True,-1.01,-1.45,low,False
2026-02-03,Tuesday,09:00,83.1,10.83,540,9,4,1,False,2026,2,February,6,1,1,False,-2.41,-1.3,low,False
2026-02-04,Wednesday,08:30,85.2,10.57,510,8,1,2,False,2026,2,February,6,1,5,True,-2.08,-1.56,low,False
2026-02-04,Wednesday,08:40,84.8,10.62,520,8,2,2,False,2026,2,February,6,1,5,True,-2.03,-1.51,low,False
2026-02-04,Wednesday,08:50,87.9,10.23,530,8,3,2,False,2026,2,February,6,1,5,True,-2.42,-1.9,low,False
2026-02-04,Wednesday,09:00,88.2,10.2,540,9,4,2,False,2026,2,February,6,1,5,True,-2.45,-1.93,low,False
2026-02-04,Wednesday,09:10,86.0,10.47,550,9,5,2,False,2026,2,February,6,1,5,True,-2.18,-1.66,low,False
2026-02-05,Thursday,08:30,67.8,13.27,510,8,1,3,False,2026,2,February,6,1,5,True,1.15,1.14,high,False
2026-02-05,Thursday,08:40,65.5,13.75,520,8,2,3,False,2026,2,February,6,1,5,True,1.63,1.62,high,False
2026-02-05,Thursday,08:50,66.7,13.5,530,8,3,3,False,2026,2,February,6,1,5,True,1.38,1.37,high,False
2026-02-05,Thursday,09:00,68.6,13.12,540,9,4,3,False,2026,2,February,6,1,5,True,1.0,0.99,high,False
2026-02-05,Thursday,09:10,71.3,12.62,550,9,5,3,False,2026,2,February,6,1,5,True,0.5,0.49,high,False
2026-02-06,Friday,08:30,85.9,10.48,510,8,1,4,False,2026,2,February,6,1,5,True,-0.56,-1.65,low,False
2026-02-06,Friday,08:40,80.0,11.25,520,8,2,4,False,2026,2,February,6,1,5,True,0.21,-0.88,medium,False
2026-02-06,Friday,08:50,77.7,11.58,530,8,3,4,False,2026,2,February,6,1,5,True,0.54,-0.55,medium,False
2026-02-06,Friday,09:00,87.5,10.28,540,9,4,4,False,2026,2,February,6,1,5,True,-0.76,-1.85,low,False
2026-02-06,Friday,09:10,86.1,10.45,550,9,5,4,False,2026,2,February,6,1,5,True,-0.59,-1.68,low,False
2026-02-09,Monday,08:30,76.4,11.78,510,8,1,0,False,2026,2,February,7,1,5,True,0.09,-0.35,medium,False
2026-02-09,Monday,08:40,75.6,11.9,520,8,2,0,False,2026,2,February,7,1,5,True,0.21,-0.23,medium,False
2026-02-09,Monday,08:50,76.4,11.78,530,8,3,0,False,2026,2,February,7,1,5,True,0.09,-0.35,medium,False
2026-02-09,Monday,09:00,72.9,12.35,540,9,4,0,False,2026,2,February,7,1,5,True,0.66,0.22,high,False
2026-02-09,Monday,09:10,84.6,10.63,550,9,5,0,False,2026,2,February,7,1,5,True,-1.06,-1.5,low,False
2026-02-10,Tuesday,08:30,70.9,12.7,510,8,1,1,False,2026,2,February,7,1,5,True,-0.54,0.57,high,False
2026-02-10,Tuesday,08:40,71.1,12.67,520,8,2,1,False,2026,2,February,7,1,5,True,-0.57,0.54,high,False
2026-02-10,Tuesday,08:50,69.1,13.02,530,8,3,1,False,2026,2,February,7,1,5,True,-0.22,0.89,high,False
2026-02-10,Tuesday,09:00,65.3,13.78,540,9,4,1,False,2026,2,February,7,1,5,True,0.54,1.65,high,False
2026-02-10,Tuesday,09:10,76.8,11.72,550,9,5,1,False,2026,2,February,7,1,5,True,-1.52,-0.41,medium,False
2026-02-11,Wednesday,08:30,78.8,11.42,510,8,1,2,False,2026,2,February,7,1,5,True,-1.23,-0.71,medium,False
2026-02-11,Wednesday,08:40,78.6,11.45,520,8,2,2,False,2026,2,February,7,1,5,True,-1.2,-0.68,medium,False
2026-02-11,Wednesday,08:50,83.1,10.83,530,8,3,2,False,2026,2,February,7,1,5,True,-1.82,-1.3,low,False
2026-02-11,Wednesday,09:00,83.9,10.73,540,9,4,2,False,2026,2,February,7,1,5,True,-1.92,-1.4,low,False
2026-02-11,Wednesday,09:10,82.3,10.93,550,9,5,2,False,2026,2,February,7,1,5,True,-1.72,-1.2,medium,False
2026-02-12,Thursday,08:30,78.8,11.42,510,8,1,3,False,2026,2,February,7,1,5,True,-0.7,-0.71,medium,False
2026-02-12,Thursday,08:40,80.5,11.18,520,8,2,3,False,2026,2,February,7,1,5,True,-0.94,-0.95,medium,False
2026-02-12,Thursday,08:50,81.1,11.1,530,8,3,3,False,2026,2,February,7,1,5,True,-1.02,-1.03,medium,False
2026-02-12,Thursday,09:00,82.2,10.95,540,9,4,3,False,2026,2,February,7,1,5,True,-1.17,-1.18,medium,False
2026-02-12,Thursday,09:10,78.1,11.52,550,9,5,3,False,2026,2,February,7,1,5,True,-0.6,-0.61,medium,False
2026-02-13,Friday,08:30,84.0,10.72,510,8,1,4,False,2026,2,February,7,1,5,True,-0.32,-1.41,low,False
2026-02-13,Friday,08:40,79.9,11.27,520,8,2,4,False,2026,2,February,7,1,5,True,0.23,-0.86,medium,False
2026-02-13,Friday,08:50,86.7,10.38,530,8,3,4,False,2026,2,February,7,1,5,True,-0.66,-1.75,low,False
2026-02-13,Friday,09:00,88.2,10.2,540,9,4,4,False,2026,2,February,7,1,5,True,-0.84,-1.93,low,False
2026-02-13,Friday,09:10,85.6,10.52,550,9,5,4,False,2026,2,February,7,1,5,True,-0.52,-1.61,low,False
2026-02-16,Monday,08:30,90.5,9.95,510,8,1,0,False,2026,2,February,8,1,5,True,-1.74,-2.18,low,False
2026-02-16,Monday,08:40,90.6,9.93,520,8,2,0,False,2026,2,February,8,1,5,True,-1.76,-2.2,low,False
2026-02-16,Monday,08:50,89.9,10.02,530,8,3,0,False,2026,2,February,8,1,5,True,-1.67,-2.11,low,False
2026-02-16,Monday,09:00,90.2,9.98,540,9,4,0,False,2026,2,February,8,1,5,True,-1.71,-2.15,low,False
2026-02-16,Monday,09:10,89.7,10.03,550,9,5,0,False,2026,2,February,8,1,5,True,-1.66,-2.1,low,False
2026-02-17,Tuesday,08:30,79.8,11.28,510,8,1,1,False,2026,2,February,8,1,5,True,-1.96,-0.85,medium,False
2026-02-17,Tuesday,08:40,79.4,11.33,520,8,2,1,False,2026,2,February,8,1,5,True,-1.91,-0.8,medium,False
2026-02-17,Tuesday,08:50,82.4,10.92,530,8,3,1,False,2026,2,February,8,1,5,True,-2.32,-1.21,medium,False
2026-02-17,Tuesday,09:00,87.2,10.32,540,9,4,1,False,2026,2,February,8,1,5,True,-2.92,-1.81,low,False
2026-02-17,Tuesday,09:10,87.8,10.25,550,9,5,1,False,2026,2,February,8,1,5,True,-2.99,-1.88,low,False
2026-02-18,Wednesday,08:40,78.1,11.52,520,8,2,2,False,2026,2,February,8,1,4,False,-1.13,-0.61,medium,False
2026-02-18,Wednesday,08:50,79.9,11.27,530,8,3,2,False,2026,2,February,8,1,4,False,-1.38,-0.86,medium,False
2026-02-18,Wednesday,09:00,79.6,11.3,540,9,4,2,False,2026,2,February,8,1,4,False,-1.35,-0.83,medium,False
2026-02-18,Wednesday,09:10,80.2,11.22,550,9,5,2,False,2026,2,February,8,1,4,False,-1.43,-0.91,medium,False
2026-02-19,Thursday,08:30,70.2,12.82,510,8,1,3,False,2026,2,February,8,1,5,True,0.7,0.69,high,False
2026-02-19,Thursday,08:40,69.7,12.92,520,8,2,3,False,2026,2,February,8,1,5,True,0.8,0.79,high,False
2026-02-19,Thursday,08:50,72.7,12.38,530,8,3,3,False,2026,2,February,8,1,5,True,0.26,0.25,high,False
2026-02-19,Thursday,09:00,69.3,12.98,540,9,4,3,False,2026,2,February,8,1,5,True,0.86,0.85,high,False
2026-02-19,Thursday,09:10,70.2,12.82,550,9,5,3,False,2026,2,February,8,1,5,True,0.7,0.69,high,False
2026-02-20,Friday,08:30,84.6,10.63,510,8,1,4,False,2026,2,February,8,1,5,True,-0.41,-1.5,low,False
2026-02-20,Friday,08:40,78.4,11.48,520,8,2,4,False,2026,2,February,8,1,5,True,0.44,-0.65,medium,False
2026-02-20,Friday,08:50,84.8,10.62,530,8,3,4,False,2026,2,February,8,1,5,True,-0.42,-1.51,low,False
2026-02-20,Friday,09:00,81.1,11.1,540,9,4,4,False,2026,2,February,8,1,5,True,0.06,-1.03,medium,False
2026-02-20,Friday,09:10,83.6,10.77,550,9,5,4,False,2026,2,February,8,1,5,True,-0.27,-1.36,low,False
2026-02-23,Monday,08:30,90.6,9.93,510,8,1,0,False,2026,2,February,9,1,5,True,-1.76,-2.2,low,False
2026-02-23,Monday,08:40,90.9,9.9,520,8,2,0,False,2026,2,February,9,1,5,True,-1.79,-2.23,low,False
2026-02-23,Monday,08:50,90.2,9.98,530,8,3,0,False,2026,2,February,9,1,5,True,-1.71,-2.15,low,False
2026-02-23,Monday,09:00,91.1,9.88,540,9,4,0,False,2026,2,February,9,1,5,True,-1.81,-2.25,low,False
2026-02-23,Monday,09:10,90.6,9.93,550,9,5,0,False,2026,2,February,9,1,5,True,-1.76,-2.2,low,False
2026-02-24,Tuesday,08:30,79.9,11.27,510,8,1,1,False,2026,2,February,9,1,5,True,-1.97,-0.86,medium,False
2026-02-24,Tuesday,08:40,80.8,11.13,520,8,2,1,False,2026,2,February,9,1,5,True,-2.11,-1.0,medium,False
2026-02-24,Tuesday,08:50,76.2,11.82,530,8,3,1,False,2026,2,February,9,1,5,True,-1.42,-0.31,medium,False
2026-02-24,Tuesday,09:00,77.0,11.68,540,9,4,1,False,2026,2,February,9,1,5,True,-1.56,-0.45,medium,False
2026-02-24,Tuesday,09:10,78.3,11.5,550,9,5,1,False,2026,2,February,9,1,5,True,-1.74,-0.63,medium,False
2026-02-25,Wednesday,08:30,68.9,13.07,510,8,1,2,False,2026,2,February,9,1,5,True,0.42,0.94,high,False
2026-02-25,Wednesday,08:40,72.1,12.48,520,8,2,2,False,2026,2,February,9,1,5,True,-0.17,0.35,high,False
2026-02-25,Wednesday,08:50,78.1,11.52,530,8,3,2,False,2026,2,February,9,1,5,True,-1.13,-0.61,medium,False
2026-02-25,Wednesday,09:00,80.0,11.25,540,9,4,2,False,2026,2,February,9,1,5,True,-1.4,-0.88,medium,False
2026-02-25,Wednesday,09:10,81.1,11.1,550,9,5,2,False,2026,2,February,9,1,5,True,-1.55,-1.03,medium,False
2026-02-26,Thursday,08:30,74.0,12.17,510,8,1,3,False,2026,2,February,9,1,5,True,0.05,0.04,medium,False
2026-02-26,Thursday,08:40,71.1,12.67,520,8,2,3,False,2026,2,February,9,1,5,True,0.55,0.54,high,False
2026-02-26,Thursday,08:50,75.3,11.95,530,8,3,3,False,2026,2,February,9,1,5,True,-0.17,-0.18,medium,False
2026-02-26,Thursday,09:00,67.2,13.4,540,9,4,3,False,2026,2,February,9,1,5,True,1.28,1.27,high,False
2026-02-26,Thursday,09:10,62.9,14.3,550,9,5,3,False,2026,2,February,9,1,5,True,2.18,2.17,high,False
2026-02-27,Friday,08:30,66.3,13.57,510,8,1,4,False,2026,2,February,9,1,5,True,2.53,1.44,high,False
2026-02-27,Friday,08:40,62.6,14.38,520,8,2,4,False,2026,2,February,9,1,5,True,3.34,2.25,high,False
2026-02-27,Friday,08:50,66.9,13.45,530,8,3,4,False,2026,2,February,9,1,5,True,2.41,1.32,high,False
2026-02-27,Friday,09:00,72.6,12.4,540,9,4,4,False,2026,2,February,9,1,5,True,1.36,0.27,high,False
2026-02-27,Friday,09:10,75.2,11.97,550,9,5,4,False,2026,2,February,9,1,5,True,0.93,-0.16,medium,False
2026-03-02,Monday,08:30,75.5,11.92,510,8,1,0,False,2026,3,March,10,1,5,True,0.23,-0.21,medium,False
2026-03-02,Monday,08:40,77.0,11.68,520,8,2,0,False,2026,3,March,10,1,5,True,-0.01,-0.45,medium,False
2026-03-02,Monday,08:50,80.5,11.18,530,8,3,0,False,2026,3,March,10,1,5,True,-0.51,-0.95,medium,False
2026-03-02,Monday,09:00,85.6,10.52,540,9,4,0,False,2026,3,March,10,1,5,True,-1.17,-1.61,low,False
2026-03-02,Monday,09:10,86.4,10.42,550,9,5,0,False,2026,3,March,10,1,5,True,-1.27,-1.71,low,False
2026-03-03,Tuesday,08:30,74.1,12.15,510,8,1,1,False,2026,3,March,10,1,5,True,-1.09,0.02,medium,False
2026-03-03,Tuesday,08:40,68.3,13.18,520,8,2,1,False,2026,3,March,10,1,5,True,-0.06,1.05,high,False
2026-03-03,Tuesday,08:50,80.6,11.17,530,8,3,1,False,2026,3,March,10,1,5,True,-2.07,-0.96,medium,False
2026-03-03,Tuesday,09:00,78.8,11.42,540,9,4,1,False,2026,3,March,10,1,5,True,-1.82,-0.71,medium,False
2026-03-03,Tuesday,09:10,80.4,11.2,550,9,5,1,False,2026,3,March,10,1,5,True,-2.04,-0.93,medium,False
2026-03-04,Wednesday,08:30,80.6,11.17,510,8,1,2,False,2026,3,March,10,1,5,True,-1.48,-0.96,medium,False
2026-03-04,Wednesday,08:40,78.3,11.5,520,8,2,2,False,2026,3,March,10,1,5,True,-1.15,-0.63,medium,False
2026-03-04,Wednesday,08:50,78.4,11.48,530,8,3,2,False,2026,3,March,10,1,5,True,-1.17,-0.65,medium,False
2026-03-04,Wednesday,09:00,83.6,10.77,540,9,4,2,False,2026,3,March,10,1,5,True,-1.88,-1.36,low,False
2026-03-04,Wednesday,09:10,81.1,11.1,550,9,5,2,False,2026,3,March,10,1,5,True,-1.55,-1.03,medium,False
2026-03-05,Thursday,08:30,73.5,12.25,510,8,1,3,False,2026,3,March,10,1,5,True,0.13,0.12,high,False
2026-03-05,Thursday,08:40,77.9,11.55,520,8,2,3,False,2026,3,March,10,1,5,True,-0.57,-0.58,medium,False
2026-03-05,Thursday,08:50,78.7,11.43,530,8,3,3,False,2026,3,March,10,1,5,True,-0.69,-0.7,medium,False
2026-03-05,Thursday,09:00,80.6,11.17,540,9,4,3,False,2026,3,March,10,1,5,True,-0.95,-0.96,medium,False
2026-03-05,Thursday,09:10,82.2,10.95,550,9,5,3,False,2026,3,March,10,1,5,True,-1.17,-1.18,medium,False
2026-03-06,Friday,08:40,65.3,13.78,520,8,2,4,False,2026,3,March,10,1,4,False,2.74,1.65,high,False
2026-03-06,Friday,08:50,72.5,12.42,530,8,3,4,False,2026,3,March,10,1,4,False,1.38,0.29,high,False
2026-03-06,Friday,09:00,71.4,12.6,540,9,4,4,False,2026,3,March,10,1,4,False,1.56,0.47,high,False
2026-03-06,Friday,09:10,75.4,11.93,550,9,5,4,False,2026,3,March,10,1,4,False,0.89,-0.2,medium,False
